<?xml version="1.0" encoding="UTF-8"?>
<nfeProc xmlns="http://www.portalfiscal.inf.br/nfe" versao="4.00">
  <NFe>
    <infNFe Id="NFe72834661360583310619733508824271152422521209" versao="4.00">
      <ide>
        <cUF>35</cUF>
        <cNF>02736874</cNF>
        <natOp>Venda de produção do estabelecimento</natOp>
        <mod>55</mod>
        <serie>1</serie>
        <nNF>468434682</nNF>
        <dhEmi>2025-09-05T19:32:12+02:00</dhEmi>
        <dhSaiEnt>2025-09-05T19:32:12+02:00</dhSaiEnt>
        <tpNF>1</tpNF>
        <idDest>1</idDest>
        <cMunFG>3550308</cMunFG>
        <tpImp>1</tpImp>
        <tpEmis>1</tpEmis>
        <cDV>1</cDV>
        <tpAmb>2</tpAmb>
        <finNFe>1</finNFe>
        <indFinal>1</indFinal>
        <indPres>1</indPres>
        <procEmi>0</procEmi>
        <verProc>1.0</verProc>
      </ide>
      <emit>
        <CNPJ>28068117000126</CNPJ>
        <xNome>CERRADO GRAOS LTDA</xNome>
        <xFant>CERRADO GRAOS LTDA</xFant>
        <enderEmit>
          <xLgr>Rua Exemplo</xLgr>
          <nro>123</nro>
          <xBairro>Centro</xBairro>
          <cMun>3550308</cMun>
          <xMun>São Paulo</xMun>
          <UF>SP</UF>
          <CEP>01001000</CEP>
          <cPais>1058</cPais>
          <xPais>Brasil</xPais>
          <fone>1133333333</fone>
        </enderEmit>
        <IE>123456789</IE>
        <CRT>1</CRT>
      </emit>
      <dest>
        <CNPJ>29279696000119</CNPJ>
        <xNome>SOBRAL E PONTES INDUSTRIA E COMERCIO DE RACOES LTDA ME</xNome>
        <enderDest>
          <xLgr>Rua Destinatário</xLgr>
          <nro>456</nro>
          <xBairro>Centro</xBairro>
          <cMun>3550308</cMun>
          <xMun>São Paulo</xMun>
          <UF>SP</UF>
          <CEP>01001001</CEP>
          <cPais>1058</cPais>
          <xPais>Brasil</xPais>
          <fone>1144444444</fone>
        </enderDest>
        <indIEDest>9</indIEDest>
      </dest>
      <det nItem="2">
        <prod>
          <cProd>94</cProd>
          <cEAN>SEM GTIN</cEAN>
          <xProd>MILHO EM GRAO</xProd>
          <NCM>10059010</NCM>
          <CFOP>6102</CFOP>
          <uCom>KG</uCom>
          <qCom>48700.0000</qCom>
          <vUnCom>0.9917</vUnCom>
          <vProd>48294.16</vProd>
          <cEANTrib>SEM GTIN</cEANTrib>
          <uTrib>KG</uTrib>
          <qTrib>48700.0000</qTrib>
          <vUnTrib>0.9917</vUnTrib>
          <indTot>1</indTot>
        </prod>
        <imposto>
          <ICMS>
            <ICMS00>
              <orig>0</orig>
              <CST>00</CST>
              <modBC>3</modBC>
              <vBC>48294.16</vBC>
              <pICMS>18.00</pICMS>
              <vICMS>8692.95</vICMS>
            </ICMS00>
          </ICMS>
          <PIS>
            <PISNT>
              <CST>07</CST>
            </PISNT>
          </PIS>
          <COFINS>
            <COFINSNT>
              <CST>07</CST>
            </COFINSNT>
          </COFINS>
        </imposto>
      </det>
      <det nItem="3">
        <prod>
          <cProd>94</cProd>
          <cEAN>SEM GTIN</cEAN>
          <xProd>MILHO EM GRAO</xProd>
          <NCM>10059010</NCM>
          <CFOP>6102</CFOP>
          <uCom>KG</uCom>
          <qCom>23900.0000</qCom>
          <vUnCom>0.9917</vUnCom>
          <vProd>23700.83</vProd>
          <cEANTrib>SEM GTIN</cEANTrib>
          <uTrib>KG</uTrib>
          <qTrib>23900.0000</qTrib>
          <vUnTrib>0.9917</vUnTrib>
          <indTot>1</indTot>
        </prod>
        <imposto>
          <ICMS>
            <ICMS00>
              <orig>0</orig>
              <CST>00</CST>
              <modBC>3</modBC>
              <vBC>23700.83</vBC>
              <pICMS>18.00</pICMS>
              <vICMS>4266.15</vICMS>
            </ICMS00>
          </ICMS>
          <PIS>
            <PISNT>
              <CST>07</CST>
            </PISNT>
          </PIS>
          <COFINS>
            <COFINSNT>
              <CST>07</CST>
            </COFINSNT>
          </COFINS>
        </imposto>
      </det>
      <det nItem="4">
        <prod>
          <cProd>94</cProd>
          <cEAN>SEM GTIN</cEAN>
          <xProd>MILHO EM GRAO</xProd>
          <NCM>10059010</NCM>
          <CFOP>6102</CFOP>
          <uCom>KG</uCom>
          <qCom>48940.0000</qCom>
          <vUnCom>0.9917</vUnCom>
          <vProd>48532.16</vProd>
          <cEANTrib>SEM GTIN</cEANTrib>
          <uTrib>KG</uTrib>
          <qTrib>48940.0000</qTrib>
          <vUnTrib>0.9917</vUnTrib>
          <indTot>1</indTot>
        </prod>
        <imposto>
          <ICMS>
            <ICMS00>
              <orig>0</orig>
              <CST>00</CST>
              <modBC>3</modBC>
              <vBC>48532.16</vBC>
              <pICMS>18.00</pICMS>
              <vICMS>8735.79</vICMS>
            </ICMS00>
          </ICMS>
          <PIS>
            <PISNT>
              <CST>07</CST>
            </PISNT>
          </PIS>
          <COFINS>
            <COFINSNT>
              <CST>07</CST>
            </COFINSNT>
          </COFINS>
        </imposto>
      </det>
      <det nItem="5">
        <prod>
          <cProd>94</cProd>
          <cEAN>SEM GTIN</cEAN>
          <xProd>MILHO EM GRAO</xProd>
          <NCM>10059010</NCM>
          <CFOP>6102</CFOP>
          <uCom>KG</uCom>
          <qCom>22820.0000</qCom>
          <vUnCom>0.9917</vUnCom>
          <vProd>22629.83</vProd>
          <cEANTrib>SEM GTIN</cEANTrib>
          <uTrib>KG</uTrib>
          <qTrib>22820.0000</qTrib>
          <vUnTrib>0.9917</vUnTrib>
          <indTot>1</indTot>
        </prod>
        <imposto>
          <ICMS>
            <ICMS00>
              <orig>0</orig>
              <CST>00</CST>
              <modBC>3</modBC>
              <vBC>22629.83</vBC>
              <pICMS>18.00</pICMS>
              <vICMS>4073.37</vICMS>
            </ICMS00>
          </ICMS>
          <PIS>
            <PISNT>
              <CST>07</CST>
            </PISNT>
          </PIS>
          <COFINS>
            <COFINSNT>
              <CST>07</CST>
            </COFINSNT>
          </COFINS>
        </imposto>
      </det>
      <det nItem="6">
        <prod>
          <cProd>94</cProd>
          <cEAN>SEM GTIN</cEAN>
          <xProd>MILHO EM GRAO</xProd>
          <NCM>10059010</NCM>
          <CFOP>6102</CFOP>
          <uCom>KG</uCom>
          <qCom>36880.0000</qCom>
          <vUnCom>1.0500</vUnCom>
          <vProd>38724.00</vProd>
          <cEANTrib>SEM GTIN</cEANTrib>
          <uTrib>KG</uTrib>
          <qTrib>36880.0000</qTrib>
          <vUnTrib>1.0500</vUnTrib>
          <indTot>1</indTot>
        </prod>
        <imposto>
          <ICMS>
            <ICMS00>
              <orig>0</orig>
              <CST>00</CST>
              <modBC>3</modBC>
              <vBC>38724.00</vBC>
              <pICMS>18.00</pICMS>
              <vICMS>6970.32</vICMS>
            </ICMS00>
          </ICMS>
          <PIS>
            <PISNT>
              <CST>07</CST>
            </PISNT>
          </PIS>
          <COFINS>
            <COFINSNT>
              <CST>07</CST>
            </COFINSNT>
          </COFINS>
        </imposto>
      </det>
      <det nItem="7">
        <prod>
          <cProd>94</cProd>
          <cEAN>SEM GTIN</cEAN>
          <xProd>MILHO EM GRAO</xProd>
          <NCM>10059010</NCM>
          <CFOP>6102</CFOP>
          <uCom>KG</uCom>
          <qCom>12780.0000</qCom>
          <vUnCom>1.0500</vUnCom>
          <vProd>13419.00</vProd>
          <cEANTrib>SEM GTIN</cEANTrib>
          <uTrib>KG</uTrib>
          <qTrib>12780.0000</qTrib>
          <vUnTrib>1.0500</vUnTrib>
          <indTot>1</indTot>
        </prod>
        <imposto>
          <ICMS>
            <ICMS00>
              <orig>0</orig>
              <CST>00</CST>
              <modBC>3</modBC>
              <vBC>13419.00</vBC>
              <pICMS>18.00</pICMS>
              <vICMS>2415.42</vICMS>
            </ICMS00>
          </ICMS>
          <PIS>
            <PISNT>
              <CST>07</CST>
            </PISNT>
          </PIS>
          <COFINS>
            <COFINSNT>
              <CST>07</CST>
            </COFINSNT>
          </COFINS>
        </imposto>
      </det>
      <det nItem="8">
        <prod>
          <cProd>1463</cProd>
          <cEAN>SEM GTIN</cEAN>
          <xProd>CHANIN FILHOTE 25KG PROMO</xProd>
          <NCM>23091000</NCM>
          <CFOP>5405</CFOP>
          <uCom>UN</uCom>
          <qCom>1.0000</qCom>
          <vUnCom>180.0000</vUnCom>
          <vProd>180.00</vProd>
          <cEANTrib>SEM GTIN</cEANTrib>
          <uTrib>UN</uTrib>
          <qTrib>1.0000</qTrib>
          <vUnTrib>180.0000</vUnTrib>
          <indTot>1</indTot>
        </prod>
        <imposto>
          <ICMS>
            <ICMS00>
              <orig>0</orig>
              <CST>00</CST>
              <modBC>3</modBC>
              <vBC>180.00</vBC>
              <pICMS>18.00</pICMS>
              <vICMS>32.40</vICMS>
            </ICMS00>
          </ICMS>
          <PIS>
            <PISNT>
              <CST>07</CST>
            </PISNT>
          </PIS>
          <COFINS>
            <COFINSNT>
              <CST>07</CST>
            </COFINSNT>
          </COFINS>
        </imposto>
      </det>
      <det nItem="9">
        <prod>
          <cProd>94</cProd>
          <cEAN>SEM GTIN</cEAN>
          <xProd>MILHO EM GRAO</xProd>
          <NCM>10059010</NCM>
          <CFOP>6102</CFOP>
          <uCom>KG</uCom>
          <qCom>49400.0000</qCom>
          <vUnCom>0.9667</vUnCom>
          <vProd>47753.33</vProd>
          <cEANTrib>SEM GTIN</cEANTrib>
          <uTrib>KG</uTrib>
          <qTrib>49400.0000</qTrib>
          <vUnTrib>0.9667</vUnTrib>
          <indTot>1</indTot>
        </prod>
        <imposto>
          <ICMS>
            <ICMS00>
              <orig>0</orig>
              <CST>00</CST>
              <modBC>3</modBC>
              <vBC>47753.33</vBC>
              <pICMS>18.00</pICMS>
              <vICMS>8595.60</vICMS>
            </ICMS00>
          </ICMS>
          <PIS>
            <PISNT>
              <CST>07</CST>
            </PISNT>
          </PIS>
          <COFINS>
            <COFINSNT>
              <CST>07</CST>
            </COFINSNT>
          </COFINS>
        </imposto>
      </det>
      <det nItem="10">
        <prod>
          <cProd>94</cProd>
          <cEAN>SEM GTIN</cEAN>
          <xProd>MILHO EM GRAO</xProd>
          <NCM>10059010</NCM>
          <CFOP>6102</CFOP>
          <uCom>KG</uCom>
          <qCom>20980.0000</qCom>
          <vUnCom>0.9667</vUnCom>
          <vProd>20280.67</vProd>
          <cEANTrib>SEM GTIN</cEANTrib>
          <uTrib>KG</uTrib>
          <qTrib>20980.0000</qTrib>
          <vUnTrib>0.9667</vUnTrib>
          <indTot>1</indTot>
        </prod>
        <imposto>
          <ICMS>
            <ICMS00>
              <orig>0</orig>
              <CST>00</CST>
              <modBC>3</modBC>
              <vBC>20280.67</vBC>
              <pICMS>18.00</pICMS>
              <vICMS>3650.52</vICMS>
            </ICMS00>
          </ICMS>
          <PIS>
            <PISNT>
              <CST>07</CST>
            </PISNT>
          </PIS>
          <COFINS>
            <COFINSNT>
              <CST>07</CST>
            </COFINSNT>
          </COFINS>
        </imposto>
      </det>
      <det nItem="11">
        <prod>
          <cProd>94</cProd>
          <cEAN>SEM GTIN</cEAN>
          <xProd>MILHO EM GRAO</xProd>
          <NCM>10059010</NCM>
          <CFOP>6102</CFOP>
          <uCom>KG</uCom>
          <qCom>48600.0000</qCom>
          <vUnCom>0.9667</vUnCom>
          <vProd>46980.00</vProd>
          <cEANTrib>SEM GTIN</cEANTrib>
          <uTrib>KG</uTrib>
          <qTrib>48600.0000</qTrib>
          <vUnTrib>0.9667</vUnTrib>
          <indTot>1</indTot>
        </prod>
        <imposto>
          <ICMS>
            <ICMS00>
              <orig>0</orig>
              <CST>00</CST>
              <modBC>3</modBC>
              <vBC>46980.00</vBC>
              <pICMS>18.00</pICMS>
              <vICMS>8456.40</vICMS>
            </ICMS00>
          </ICMS>
          <PIS>
            <PISNT>
              <CST>07</CST>
            </PISNT>
          </PIS>
          <COFINS>
            <COFINSNT>
              <CST>07</CST>
            </COFINSNT>
          </COFINS>
        </imposto>
      </det>
      <det nItem="12">
        <prod>
          <cProd>94</cProd>
          <cEAN>SEM GTIN</cEAN>
          <xProd>MILHO EM GRAO</xProd>
          <NCM>10059010</NCM>
          <CFOP>6102</CFOP>
          <uCom>KG</uCom>
          <qCom>11400.0000</qCom>
          <vUnCom>0.9667</vUnCom>
          <vProd>11020.00</vProd>
          <cEANTrib>SEM GTIN</cEANTrib>
          <uTrib>KG</uTrib>
          <qTrib>11400.0000</qTrib>
          <vUnTrib>0.9667</vUnTrib>
          <indTot>1</indTot>
        </prod>
        <imposto>
          <ICMS>
            <ICMS00>
              <orig>0</orig>
              <CST>00</CST>
              <modBC>3</modBC>
              <vBC>11020.00</vBC>
              <pICMS>18.00</pICMS>
              <vICMS>1983.60</vICMS>
            </ICMS00>
          </ICMS>
          <PIS>
            <PISNT>
              <CST>07</CST>
            </PISNT>
          </PIS>
          <COFINS>
            <COFINSNT>
              <CST>07</CST>
            </COFINSNT>
          </COFINS>
        </imposto>
      </det>
      <det nItem="13">
        <prod>
          <cProd>1463</cProd>
          <cEAN>SEM GTIN</cEAN>
          <xProd>CHANIN FILHOTE 25KG PROMO</xProd>
          <NCM>23091000</NCM>
          <CFOP>5405</CFOP>
          <uCom>UN</uCom>
          <qCom>5.0000</qCom>
          <vUnCom>180.0000</vUnCom>
          <vProd>900.00</vProd>
          <cEANTrib>SEM GTIN</cEANTrib>
          <uTrib>UN</uTrib>
          <qTrib>5.0000</qTrib>
          <vUnTrib>180.0000</vUnTrib>
          <indTot>1</indTot>
        </prod>
        <imposto>
          <ICMS>
            <ICMS00>
              <orig>0</orig>
              <CST>00</CST>
              <modBC>3</modBC>
              <vBC>900.00</vBC>
              <pICMS>18.00</pICMS>
              <vICMS>162.00</vICMS>
            </ICMS00>
          </ICMS>
          <PIS>
            <PISNT>
              <CST>07</CST>
            </PISNT>
          </PIS>
          <COFINS>
            <COFINSNT>
              <CST>07</CST>
            </COFINSNT>
          </COFINS>
        </imposto>
      </det>
      <det nItem="14">
        <prod>
          <cProd>1463</cProd>
          <cEAN>SEM GTIN</cEAN>
          <xProd>CHANIN FILHOTE 25KG PROMO</xProd>
          <NCM>23091000</NCM>
          <CFOP>5405</CFOP>
          <uCom>UN</uCom>
          <qCom>1.0000</qCom>
          <vUnCom>185.0000</vUnCom>
          <vProd>185.00</vProd>
          <cEANTrib>SEM GTIN</cEANTrib>
          <uTrib>UN</uTrib>
          <qTrib>1.0000</qTrib>
          <vUnTrib>185.0000</vUnTrib>
          <indTot>1</indTot>
        </prod>
        <imposto>
          <ICMS>
            <ICMS00>
              <orig>0</orig>
              <CST>00</CST>
              <modBC>3</modBC>
              <vBC>185.00</vBC>
              <pICMS>18.00</pICMS>
              <vICMS>33.30</vICMS>
            </ICMS00>
          </ICMS>
          <PIS>
            <PISNT>
              <CST>07</CST>
            </PISNT>
          </PIS>
          <COFINS>
            <COFINSNT>
              <CST>07</CST>
            </COFINSNT>
          </COFINS>
        </imposto>
      </det>
      <total>
        <ICMSTot>
          <vBC>322598.98</vBC>
          <vICMS>58067.82</vICMS>
          <vICMSDeson>0.00</vICMSDeson>
          <vFCP>0.00</vFCP>
          <vBCST>0.00</vBCST>
          <vST>0.00</vST>
          <vFCPST>0.00</vFCPST>
          <vFCPSTRet>0.00</vFCPSTRet>
          <vProd>322598.98</vProd>
          <vFrete>0.00</vFrete>
          <vSeg>0.00</vSeg>
          <vDesc>0.00</vDesc>
          <vII>0.00</vII>
          <vIPI>0.00</vIPI>
          <vIPIDevol>0.00</vIPIDevol>
          <vPIS>0.00</vPIS>
          <vCOFINS>0.00</vCOFINS>
          <vOutro>0.00</vOutro>
          <vNF>322598.98</vNF>
          <vTotTrib>0.00</vTotTrib>
        </ICMSTot>
      </total>
      <transp>
        <modFrete>9</modFrete>
      </transp>
      <infAdic>
        <infCpl>XML gerado automaticamente pelo sistema fiscal. Produtos filtrados por código.</infCpl>
      </infAdic>
    </infNFe>
    <Signature/>
  </NFe>
</nfeProc>
