<?xml version="1.0" encoding="UTF-8"?>
<nfeProc xmlns="http://www.portalfiscal.inf.br/nfe" versao="4.00">
  <NFe>
    <infNFe Id="NFe61575128100973011720848766708256592733162408" versao="4.00">
      <ide>
        <cUF>35</cUF>
        <cNF>46607981</cNF>
        <natOp>Venda de produção do estabelecimento</natOp>
        <mod>65</mod>
        <serie>1</serie>
        <nNF>389991458</nNF>
        <dhEmi>2025-09-05T21:58:05+02:00</dhEmi>
        <dhSaiEnt>2025-09-05T21:58:05+02:00</dhSaiEnt>
        <tpNF>1</tpNF>
        <idDest>1</idDest>
        <cMunFG>3550308</cMunFG>
        <tpImp>1</tpImp>
        <tpEmis>1</tpEmis>
        <cDV>1</cDV>
        <tpAmb>2</tpAmb>
        <finNFe>1</finNFe>
        <indFinal>1</indFinal>
        <indPres>1</indPres>
        <procEmi>0</procEmi>
        <verProc>1.0</verProc>
      </ide>
      <emit>
        <CNPJ>24922229000141</CNPJ>
        <xNome>ATACAREJO FB LTDA</xNome>
        <xFant>ATACAREJO FB LTDA</xFant>
        <enderEmit>
          <xLgr>Rua Exemplo</xLgr>
          <nro>123</nro>
          <xBairro>Centro</xBairro>
          <cMun>3550308</cMun>
          <xMun>São Paulo</xMun>
          <UF>SP</UF>
          <CEP>01001000</CEP>
          <cPais>1058</cPais>
          <xPais>Brasil</xPais>
          <fone>1133333333</fone>
        </enderEmit>
        <IE>123456789</IE>
        <CRT>1</CRT>
      </emit>
      <dest>
        <CNPJ/>
        <xNome/>
        <enderDest>
          <xLgr>Rua Destinatário</xLgr>
          <nro>456</nro>
          <xBairro>Centro</xBairro>
          <cMun>3550308</cMun>
          <xMun>São Paulo</xMun>
          <UF>SP</UF>
          <CEP>01001001</CEP>
          <cPais>1058</cPais>
          <xPais>Brasil</xPais>
          <fone>1144444444</fone>
        </enderDest>
        <indIEDest>9</indIEDest>
      </dest>
      <det nItem="2">
        <prod>
          <cProd>8213</cProd>
          <cEAN>7898079240167</cEAN>
          <xProd>CORT TRAT SM INJ(DEXAMETASONA) 10ML</xProd>
          <NCM>29369000</NCM>
          <CFOP>5102</CFOP>
          <uCom>UN0001</uCom>
          <qCom>1.0000</qCom>
          <vUnCom>12.0000</vUnCom>
          <vProd>12.00</vProd>
          <cEANTrib>7898079240167</cEANTrib>
          <uTrib>UN0001</uTrib>
          <qTrib>1.0000</qTrib>
          <vUnTrib>12.0000</vUnTrib>
          <indTot>1</indTot>
        </prod>
        <imposto>
          <ICMS>
            <ICMS00>
              <orig>0</orig>
              <CST>00</CST>
              <modBC>3</modBC>
              <vBC>12.00</vBC>
              <pICMS>18.00</pICMS>
              <vICMS>2.16</vICMS>
            </ICMS00>
          </ICMS>
          <PIS>
            <PISNT>
              <CST>07</CST>
            </PISNT>
          </PIS>
          <COFINS>
            <COFINSNT>
              <CST>07</CST>
            </COFINSNT>
          </COFINS>
        </imposto>
      </det>
      <det nItem="3">
        <prod>
          <cProd>9033</cProd>
          <cEAN>7896262304306</cEAN>
          <xProd>MENTOS MINT 16X37,5G</xProd>
          <NCM>17049020</NCM>
          <CFOP>5102</CFOP>
          <uCom>UN0001</uCom>
          <qCom>1.0000</qCom>
          <vUnCom>2.2900</vUnCom>
          <vProd>2.29</vProd>
          <cEANTrib>7896262304306</cEANTrib>
          <uTrib>UN0001</uTrib>
          <qTrib>1.0000</qTrib>
          <vUnTrib>2.2900</vUnTrib>
          <indTot>1</indTot>
        </prod>
        <imposto>
          <ICMS>
            <ICMS00>
              <orig>0</orig>
              <CST>00</CST>
              <modBC>3</modBC>
              <vBC>2.29</vBC>
              <pICMS>18.00</pICMS>
              <vICMS>0.41</vICMS>
            </ICMS00>
          </ICMS>
          <PIS>
            <PISNT>
              <CST>07</CST>
            </PISNT>
          </PIS>
          <COFINS>
            <COFINSNT>
              <CST>07</CST>
            </COFINSNT>
          </COFINS>
        </imposto>
      </det>
      <total>
        <ICMSTot>
          <vBC>14.29</vBC>
          <vICMS>2.57</vICMS>
          <vICMSDeson>0.00</vICMSDeson>
          <vFCP>0.00</vFCP>
          <vBCST>0.00</vBCST>
          <vST>0.00</vST>
          <vFCPST>0.00</vFCPST>
          <vFCPSTRet>0.00</vFCPSTRet>
          <vProd>14.29</vProd>
          <vFrete>0.00</vFrete>
          <vSeg>0.00</vSeg>
          <vDesc>0.00</vDesc>
          <vII>0.00</vII>
          <vIPI>0.00</vIPI>
          <vIPIDevol>0.00</vIPIDevol>
          <vPIS>0.00</vPIS>
          <vCOFINS>0.00</vCOFINS>
          <vOutro>0.00</vOutro>
          <vNF>14.29</vNF>
          <vTotTrib>0.00</vTotTrib>
        </ICMSTot>
      </total>
      <transp>
        <modFrete>9</modFrete>
      </transp>
      <infAdic>
        <infCpl>XML gerado automaticamente pelo sistema fiscal. Produtos filtrados por código.</infCpl>
      </infAdic>
    </infNFe>
    <Signature/>
  </NFe>
</nfeProc>
