<?xml version="1.0" encoding="UTF-8"?><nfeProc xmlns="http://www.portalfiscal.inf.br/nfe" versao="4.00"><NFe xmlns="http://www.portalfiscal.inf.br/nfe"><infNFe Id="NFe26250724922229000141651010000612471101655042" versao="4.00"><ide><cUF>26</cUF><cNF>10165504</cNF><natOp>Venda de mercadoria adquirida ou recebida de terceiros</natOp><mod>65</mod><serie>101</serie><nNF>61247</nNF><dhEmi>2025-07-01T09:10:00-03:00</dhEmi><tpNF>1</tpNF><idDest>1</idDest><cMunFG>2603207</cMunFG><tpImp>4</tpImp><tpEmis>1</tpEmis><cDV>2</cDV><tpAmb>1</tpAmb><finNFe>1</finNFe><indFinal>1</indFinal><indPres>1</indPres><indIntermed>0</indIntermed><procEmi>0</procEmi><verProc>4.3.8</verProc></ide><emit><CNPJ>24922229000141</CNPJ><xNome>ATACAREJO FB LTDA</xNome><enderEmit><xLgr>SITIO BARRIGUDA</xLgr><nro>300</nro><xBairro>ZONA RURAL</xBairro><cMun>2603207</cMun><xMun>CAETES</xMun><UF>PE</UF><CEP>55360000</CEP><cPais>1058</cPais><xPais>BRASIL</xPais></enderEmit><IE>067582079</IE><CRT>3</CRT></emit><det nItem="1"><prod><cProd>9533</cProd><cEAN>SEM GTIN</cEAN><xProd>ACEM  MASTERBOI C/OSSO KG</xProd><NCM>02013000</NCM><CEST>0000000</CEST><cBenef/><CFOP>5102</CFOP><uCom>KG0001</uCom><qCom>2.1200</qCom><vUnCom>23.990566</vUnCom><vProd>50.86</vProd><cEANTrib>SEM GTIN</cEANTrib><uTrib>KG0001</uTrib><qTrib>2.1200</qTrib><vUnTrib>23.990566</vUnTrib><indTot>1</indTot></prod><imposto><ICMS><ICMS40><orig>0</orig><CST>40</CST></ICMS40></ICMS><PIS><PISNT><CST>06</CST></PISNT></PIS><COFINS><COFINSNT><CST>06</CST></COFINSNT></COFINS></imposto></det><det nItem="2"><prod><cProd>6923</cProd><cEAN>SEM GTIN</cEAN><xProd>QUEIJO DE MANTEIGA CAPITULINO KG</xProd><NCM>04069090</NCM><CEST>0000000</CEST><cBenef/><CFOP>5102</CFOP><uCom>KG0001</uCom><qCom>1.0950</qCom><vUnCom>39.990868</vUnCom><vProd>43.79</vProd><cEANTrib>SEM GTIN</cEANTrib><uTrib>KG0001</uTrib><qTrib>1.0950</qTrib><vUnTrib>39.990868</vUnTrib><indTot>1</indTot></prod><imposto><ICMS><ICMS00><orig>0</orig><CST>00</CST><modBC>3</modBC><vBC>43.79</vBC><pICMS>20.50</pICMS><vICMS>8.98</vICMS></ICMS00></ICMS><PIS><PISNT><CST>06</CST></PISNT></PIS><COFINS><COFINSNT><CST>06</CST></COFINSNT></COFINS></imposto></det><det nItem="3"><prod><cProd>1226</cProd><cEAN>SEM GTIN</cEAN><xProd>PAO FRANCES SEDA DOCE  FORMA KG FB KG</xProd><NCM>19059010</NCM><CEST>0000000</CEST><cBenef/><CFOP>5405</CFOP><uCom>KG0001</uCom><qCom>1.0700</qCom><vUnCom>11.981308</vUnCom><vProd>12.82</vProd><cEANTrib>SEM GTIN</cEANTrib><uTrib>KG0001</uTrib><qTrib>1.0700</qTrib><vUnTrib>11.981308</vUnTrib><indTot>1</indTot></prod><imposto><ICMS><ICMS60><orig>0</orig><CST>60</CST><vBCSTRet>0.00</vBCSTRet><pST>0.00</pST><vICMSSTRet>0.00</vICMSSTRet></ICMS60></ICMS><PIS><PISAliq><CST>01</CST><vBC>12.82</vBC><pPIS>1.65</pPIS><vPIS>0.21</vPIS></PISAliq></PIS><COFINS><COFINSAliq><CST>01</CST><vBC>12.82</vBC><pCOFINS>7.60</pCOFINS><vCOFINS>0.97</vCOFINS></COFINSAliq></COFINS></imposto></det><det nItem="4"><prod><cProd>29684</cProd><cEAN>7896115705915</cEAN><xProd>SHAM LUKINHA BABY GLIC LUKINHA TRALALA 12X200ML</xProd><NCM>33051000</NCM><CEST>2801100</CEST><cBenef/><CFOP>5102</CFOP><uCom>UN0001</uCom><qCom>1.0000</qCom><vUnCom>9.850000</vUnCom><vProd>9.85</vProd><cEANTrib>7896115705915</cEANTrib><uTrib>UN0001</uTrib><qTrib>1.0000</qTrib><vUnTrib>9.850000</vUnTrib><indTot>1</indTot></prod><imposto><ICMS><ICMS00><orig>0</orig><CST>00</CST><modBC>3</modBC><vBC>9.85</vBC><pICMS>25.00</pICMS><vICMS>2.46</vICMS></ICMS00></ICMS><PIS><PISNT><CST>04</CST></PISNT></PIS><COFINS><COFINSNT><CST>04</CST></COFINSNT></COFINS></imposto></det><det nItem="5"><prod><cProd>13281</cProd><cEAN>7891024042229</cEAN><xProd>SAB PALM KIDS MINIONS 85G</xProd><NCM>34011190</NCM><CEST>2802000</CEST><cBenef/><CFOP>5102</CFOP><uCom>UN0001</uCom><qCom>1.0000</qCom><vUnCom>4.990000</vUnCom><vProd>4.99</vProd><cEANTrib>7891024042229</cEANTrib><uTrib>UN0001</uTrib><qTrib>1.0000</qTrib><vUnTrib>4.990000</vUnTrib><indTot>1</indTot></prod><imposto><ICMS><ICMS00><orig>0</orig><CST>00</CST><modBC>3</modBC><vBC>4.99</vBC><pICMS>20.50</pICMS><vICMS>1.02</vICMS></ICMS00></ICMS><PIS><PISNT><CST>06</CST></PISNT></PIS><COFINS><COFINSNT><CST>06</CST></COFINSNT></COFINS></imposto></det><det nItem="6"><prod><cProd>27954</cProd><cEAN>7898931019337</cEAN><xProd>TOALHA UMIDEC HIPOPO BABY C50</xProd><NCM>96190000</NCM><CEST>2004900</CEST><cBenef/><CFOP>5102</CFOP><uCom>UN0001</uCom><qCom>1.0000</qCom><vUnCom>5.990000</vUnCom><vProd>5.99</vProd><cEANTrib>7898931019337</cEANTrib><uTrib>UN0001</uTrib><qTrib>1.0000</qTrib><vUnTrib>5.990000</vUnTrib><indTot>1</indTot></prod><imposto><ICMS><ICMS00><orig>0</orig><CST>00</CST><modBC>3</modBC><vBC>5.99</vBC><pICMS>20.50</pICMS><vICMS>1.23</vICMS></ICMS00></ICMS><PIS><PISAliq><CST>01</CST><vBC>4.76</vBC><pPIS>1.65</pPIS><vPIS>0.08</vPIS></PISAliq></PIS><COFINS><COFINSAliq><CST>01</CST><vBC>4.76</vBC><pCOFINS>7.60</pCOFINS><vCOFINS>0.36</vCOFINS></COFINSAliq></COFINS></imposto></det><det nItem="7"><prod><cProd>20677</cProd><cEAN>7898133019807</cEAN><xProd>FRALDA DESC CREMER DISNEY HIPER XXG 1X40</xProd><NCM>96190000</NCM><CEST>2004900</CEST><cBenef/><CFOP>5102</CFOP><uCom>UN0001</uCom><qCom>1.0000</qCom><vUnCom>62.790000</vUnCom><vProd>62.79</vProd><cEANTrib>7898133019807</cEANTrib><uTrib>UN0001</uTrib><qTrib>1.0000</qTrib><vUnTrib>62.790000</vUnTrib><indTot>1</indTot></prod><imposto><ICMS><ICMS00><orig>0</orig><CST>00</CST><modBC>3</modBC><vBC>62.79</vBC><pICMS>20.50</pICMS><vICMS>12.87</vICMS></ICMS00></ICMS><PIS><PISAliq><CST>01</CST><vBC>49.92</vBC><pPIS>1.65</pPIS><vPIS>0.82</vPIS></PISAliq></PIS><COFINS><COFINSAliq><CST>01</CST><vBC>49.92</vBC><pCOFINS>7.60</pCOFINS><vCOFINS>3.79</vCOFINS></COFINSAliq></COFINS></imposto></det><det nItem="8"><prod><cProd>12325</cProd><cEAN>SEM GTIN</cEAN><xProd>PAO DE QUEIJO FB KG</xProd><NCM>19022000</NCM><CEST>0000000</CEST><cBenef/><CFOP>5405</CFOP><uCom>KG0001</uCom><qCom>0.1050</qCom><vUnCom>26.952381</vUnCom><vProd>2.83</vProd><cEANTrib>SEM GTIN</cEANTrib><uTrib>KG0001</uTrib><qTrib>0.1050</qTrib><vUnTrib>26.952381</vUnTrib><indTot>1</indTot></prod><imposto><ICMS><ICMS60><orig>0</orig><CST>60</CST><vBCSTRet>0.00</vBCSTRet><pST>0.00</pST><vICMSSTRet>0.00</vICMSSTRet></ICMS60></ICMS><PIS><PISNT><CST>06</CST></PISNT></PIS><COFINS><COFINSNT><CST>06</CST></COFINSNT></COFINS></imposto></det><det nItem="9"><prod><cProd>1405</cProd><cEAN>SEM GTIN</cEAN><xProd>LARANJA IN NATURA KG</xProd><NCM>08051000</NCM><CEST>0000000</CEST><cBenef/><CFOP>5102</CFOP><uCom>KG0001</uCom><qCom>1.0100</qCom><vUnCom>3.386139</vUnCom><vProd>3.42</vProd><cEANTrib>SEM GTIN</cEANTrib><uTrib>KG0001</uTrib><qTrib>1.0100</qTrib><vUnTrib>3.386139</vUnTrib><indTot>1</indTot></prod><imposto><ICMS><ICMS40><orig>0</orig><CST>40</CST></ICMS40></ICMS><PIS><PISNT><CST>06</CST></PISNT></PIS><COFINS><COFINSNT><CST>06</CST></COFINSNT></COFINS></imposto></det><det nItem="10"><prod><cProd>20081</cProd><cEAN>7898954080536</cEAN><xProd>JATOBA UVA 6X2LT - PET</xProd><NCM>22021000</NCM><CEST>0000000</CEST><cBenef/><CFOP>5405</CFOP><uCom>UN0001</uCom><qCom>1.0000</qCom><vUnCom>4.690000</vUnCom><vProd>4.69</vProd><cEANTrib>7898954080536</cEANTrib><uTrib>UN0001</uTrib><qTrib>1.0000</qTrib><vUnTrib>4.690000</vUnTrib><indTot>1</indTot></prod><imposto><ICMS><ICMS60><orig>0</orig><CST>60</CST><vBCSTRet>0.00</vBCSTRet><pST>0.00</pST><vICMSSTRet>0.00</vICMSSTRet></ICMS60></ICMS><PIS><PISNT><CST>06</CST></PISNT></PIS><COFINS><COFINSNT><CST>06</CST></COFINSNT></COFINS></imposto></det><det nItem="11"><prod><cProd>7720</cProd><cEAN>7896607100044</cEAN><xProd>PITU AGUARDENTE DE CANA LATA 350ML</xProd><NCM>22072020</NCM><CEST>0000000</CEST><cBenef/><CFOP>5405</CFOP><uCom>UN0001</uCom><qCom>1.0000</qCom><vUnCom>4.790000</vUnCom><vProd>4.79</vProd><cEANTrib>7896607100044</cEANTrib><uTrib>UN0001</uTrib><qTrib>1.0000</qTrib><vUnTrib>4.790000</vUnTrib><indTot>1</indTot></prod><imposto><ICMS><ICMS60><orig>0</orig><CST>60</CST><vBCSTRet>0.00</vBCSTRet><pST>0.00</pST><vICMSSTRet>0.00</vICMSSTRet></ICMS60></ICMS><PIS><PISAliq><CST>01</CST><vBC>4.79</vBC><pPIS>1.65</pPIS><vPIS>0.08</vPIS></PISAliq></PIS><COFINS><COFINSAliq><CST>01</CST><vBC>4.79</vBC><pCOFINS>7.60</pCOFINS><vCOFINS>0.36</vCOFINS></COFINSAliq></COFINS></imposto></det><det nItem="12"><prod><cProd>705</cProd><cEAN>SEM GTIN</cEAN><xProd>LINGUICA CALABRESA SEARA (PCT2,5KG) KG</xProd><NCM>16010000</NCM><CEST>1707600</CEST><cBenef/><CFOP>5102</CFOP><uCom>KG0001</uCom><qCom>0.7150</qCom><vUnCom>29.986014</vUnCom><vProd>21.44</vProd><cEANTrib>SEM GTIN</cEANTrib><uTrib>KG0001</uTrib><qTrib>0.7150</qTrib><vUnTrib>29.986014</vUnTrib><indTot>1</indTot></prod><imposto><ICMS><ICMS00><orig>0</orig><CST>00</CST><modBC>3</modBC><vBC>21.44</vBC><pICMS>20.50</pICMS><vICMS>4.40</vICMS></ICMS00></ICMS><PIS><PISAliq><CST>01</CST><vBC>17.04</vBC><pPIS>1.65</pPIS><vPIS>0.28</vPIS></PISAliq></PIS><COFINS><COFINSAliq><CST>01</CST><vBC>17.04</vBC><pCOFINS>7.60</pCOFINS><vCOFINS>1.30</vCOFINS></COFINSAliq></COFINS></imposto></det><det nItem="13"><prod><cProd>8162</cProd><cEAN>7898194940010</cEAN><xProd>FLOCAO DE MILHO MAVAM S SAL  20X400G</xProd><NCM>11041900</NCM><CEST>0000000</CEST><cBenef/><CFOP>5405</CFOP><uCom>UN0001</uCom><qCom>4.0000</qCom><vUnCom>1.840000</vUnCom><vProd>7.36</vProd><cEANTrib>7898194940010</cEANTrib><uTrib>UN0001</uTrib><qTrib>4.0000</qTrib><vUnTrib>1.840000</vUnTrib><indTot>1</indTot></prod><imposto><ICMS><ICMS60><orig>0</orig><CST>60</CST><vBCSTRet>0.00</vBCSTRet><pST>0.00</pST><vICMSSTRet>0.00</vICMSSTRet></ICMS60></ICMS><PIS><PISNT><CST>06</CST></PISNT></PIS><COFINS><COFINSNT><CST>06</CST></COFINSNT></COFINS></imposto></det><det nItem="14"><prod><cProd>57</cProd><cEAN>SEM GTIN</cEAN><xProd>SALSICHA PERDIGAO HOT DOG GRANEL KG (PCT5KG)CX20KG</xProd><NCM>16010000</NCM><CEST>1707600</CEST><cBenef/><CFOP>5102</CFOP><uCom>KG0001</uCom><qCom>1.0900</qCom><vUnCom>14.192661</vUnCom><vProd>15.47</vProd><cEANTrib>SEM GTIN</cEANTrib><uTrib>KG0001</uTrib><qTrib>1.0900</qTrib><vUnTrib>14.192661</vUnTrib><indTot>1</indTot></prod><imposto><ICMS><ICMS00><orig>0</orig><CST>00</CST><modBC>3</modBC><vBC>15.47</vBC><pICMS>20.50</pICMS><vICMS>3.17</vICMS></ICMS00></ICMS><PIS><PISAliq><CST>01</CST><vBC>12.30</vBC><pPIS>1.65</pPIS><vPIS>0.20</vPIS></PISAliq></PIS><COFINS><COFINSAliq><CST>01</CST><vBC>12.30</vBC><pCOFINS>7.60</pCOFINS><vCOFINS>0.93</vCOFINS></COFINSAliq></COFINS></imposto></det><det nItem="15"><prod><cProd>10463</cProd><cEAN>7898234233539</cEAN><xProd>FILE DE PEITO NATTO CONG BAND 1KG CX12KG</xProd><NCM>02071300</NCM><CEST>0000000</CEST><cBenef/><CFOP>5102</CFOP><uCom>UN0001</uCom><qCom>1.0000</qCom><vUnCom>25.990000</vUnCom><vProd>25.99</vProd><cEANTrib>7898234233539</cEANTrib><uTrib>UN0001</uTrib><qTrib>1.0000</qTrib><vUnTrib>25.990000</vUnTrib><indTot>1</indTot></prod><imposto><ICMS><ICMS00><orig>0</orig><CST>00</CST><modBC>3</modBC><vBC>25.99</vBC><pICMS>20.50</pICMS><vICMS>5.33</vICMS></ICMS00></ICMS><PIS><PISNT><CST>06</CST></PISNT></PIS><COFINS><COFINSNT><CST>06</CST></COFINSNT></COFINS></imposto></det><det nItem="16"><prod><cProd>7722</cProd><cEAN>7896607100303</cEAN><xProd>PITU AGUARDENTE DE CANA LATAO 12X473ML</xProd><NCM>22072020</NCM><CEST>0000000</CEST><cBenef/><CFOP>5405</CFOP><uCom>UN0001</uCom><qCom>1.0000</qCom><vUnCom>5.590000</vUnCom><vProd>5.59</vProd><cEANTrib>7896607100303</cEANTrib><uTrib>UN0001</uTrib><qTrib>1.0000</qTrib><vUnTrib>5.590000</vUnTrib><indTot>1</indTot></prod><imposto><ICMS><ICMS60><orig>0</orig><CST>60</CST><vBCSTRet>0.00</vBCSTRet><pST>0.00</pST><vICMSSTRet>0.00</vICMSSTRet></ICMS60></ICMS><PIS><PISAliq><CST>01</CST><vBC>5.59</vBC><pPIS>1.65</pPIS><vPIS>0.09</vPIS></PISAliq></PIS><COFINS><COFINSAliq><CST>01</CST><vBC>5.59</vBC><pCOFINS>7.60</pCOFINS><vCOFINS>0.42</vCOFINS></COFINSAliq></COFINS></imposto></det><det nItem="17"><prod><cProd>7879</cProd><cEAN>7898170900250</cEAN><xProd>CAFE CUPIDO 250G  (FDC 20)</xProd><NCM>09012100</NCM><CEST>0000000</CEST><cBenef/><CFOP>5102</CFOP><uCom>UN0001</uCom><qCom>5.0000</qCom><vUnCom>13.490000</vUnCom><vProd>67.45</vProd><cEANTrib>7898170900250</cEANTrib><uTrib>UN0001</uTrib><qTrib>5.0000</qTrib><vUnTrib>13.490000</vUnTrib><indTot>1</indTot></prod><imposto><ICMS><ICMS00><orig>0</orig><CST>00</CST><modBC>3</modBC><vBC>67.45</vBC><pICMS>20.50</pICMS><vICMS>13.83</vICMS></ICMS00></ICMS><PIS><PISNT><CST>06</CST></PISNT></PIS><COFINS><COFINSNT><CST>06</CST></COFINSNT></COFINS></imposto></det><det nItem="18"><prod><cProd>20168</cProd><cEAN>7896213006051</cEAN><xProd>WAFER VITARELLA BRIGADEIRO 30X80G</xProd><NCM>19053200</NCM><CEST>0000000</CEST><cBenef/><CFOP>5405</CFOP><uCom>UN0001</uCom><qCom>1.0000</qCom><vUnCom>1.490000</vUnCom><vProd>1.49</vProd><cEANTrib>7896213006051</cEANTrib><uTrib>UN0001</uTrib><qTrib>1.0000</qTrib><vUnTrib>1.490000</vUnTrib><indTot>1</indTot></prod><imposto><ICMS><ICMS60><orig>0</orig><CST>60</CST><vBCSTRet>0.00</vBCSTRet><pST>0.00</pST><vICMSSTRet>0.00</vICMSSTRet></ICMS60></ICMS><PIS><PISAliq><CST>01</CST><vBC>1.49</vBC><pPIS>1.65</pPIS><vPIS>0.02</vPIS></PISAliq></PIS><COFINS><COFINSAliq><CST>01</CST><vBC>1.49</vBC><pCOFINS>7.60</pCOFINS><vCOFINS>0.11</vCOFINS></COFINSAliq></COFINS></imposto></det><det nItem="19"><prod><cProd>21862</cProd><cEAN>7896024760647</cEAN><xProd>WAFER PIRAQUE CHOCOLATE 20X100G</xProd><NCM>19053200</NCM><CEST>0000000</CEST><cBenef/><CFOP>5405</CFOP><uCom>UN0001</uCom><qCom>1.0000</qCom><vUnCom>2.950000</vUnCom><vProd>2.95</vProd><cEANTrib>7896024760647</cEANTrib><uTrib>UN0001</uTrib><qTrib>1.0000</qTrib><vUnTrib>2.950000</vUnTrib><indTot>1</indTot></prod><imposto><ICMS><ICMS60><orig>0</orig><CST>60</CST><vBCSTRet>0.00</vBCSTRet><pST>0.00</pST><vICMSSTRet>0.00</vICMSSTRet></ICMS60></ICMS><PIS><PISAliq><CST>01</CST><vBC>2.95</vBC><pPIS>1.65</pPIS><vPIS>0.05</vPIS></PISAliq></PIS><COFINS><COFINSAliq><CST>01</CST><vBC>2.95</vBC><pCOFINS>7.60</pCOFINS><vCOFINS>0.22</vCOFINS></COFINSAliq></COFINS></imposto></det><det nItem="20"><prod><cProd>19432</cProd><cEAN>7896005030356</cEAN><xProd>BISC PILAR CREAM CRACKER PREMIUM 24X350G</xProd><NCM>19053100</NCM><CEST>1705300</CEST><cBenef/><CFOP>5405</CFOP><uCom>UN0001</uCom><qCom>1.0000</qCom><vUnCom>4.690000</vUnCom><vProd>4.69</vProd><cEANTrib>7896005030356</cEANTrib><uTrib>UN0001</uTrib><qTrib>1.0000</qTrib><vUnTrib>4.690000</vUnTrib><indTot>1</indTot></prod><imposto><ICMS><ICMS60><orig>0</orig><CST>60</CST><vBCSTRet>0.00</vBCSTRet><pST>0.00</pST><vICMSSTRet>0.00</vICMSSTRet></ICMS60></ICMS><PIS><PISAliq><CST>01</CST><vBC>4.69</vBC><pPIS>1.65</pPIS><vPIS>0.08</vPIS></PISAliq></PIS><COFINS><COFINSAliq><CST>01</CST><vBC>4.69</vBC><pCOFINS>7.60</pCOFINS><vCOFINS>0.36</vCOFINS></COFINSAliq></COFINS></imposto></det><det nItem="21"><prod><cProd>1226</cProd><cEAN>SEM GTIN</cEAN><xProd>PAO FRANCES SEDA DOCE  FORMA KG FB KG</xProd><NCM>19059010</NCM><CEST>0000000</CEST><cBenef/><CFOP>5405</CFOP><uCom>KG0001</uCom><qCom>1.0650</qCom><vUnCom>11.981221</vUnCom><vProd>12.76</vProd><cEANTrib>SEM GTIN</cEANTrib><uTrib>KG0001</uTrib><qTrib>1.0650</qTrib><vUnTrib>11.981221</vUnTrib><indTot>1</indTot></prod><imposto><ICMS><ICMS60><orig>0</orig><CST>60</CST><vBCSTRet>0.00</vBCSTRet><pST>0.00</pST><vICMSSTRet>0.00</vICMSSTRet></ICMS60></ICMS><PIS><PISAliq><CST>01</CST><vBC>12.76</vBC><pPIS>1.65</pPIS><vPIS>0.21</vPIS></PISAliq></PIS><COFINS><COFINSAliq><CST>01</CST><vBC>12.76</vBC><pCOFINS>7.60</pCOFINS><vCOFINS>0.97</vCOFINS></COFINSAliq></COFINS></imposto></det><det nItem="22"><prod><cProd>1226</cProd><cEAN>SEM GTIN</cEAN><xProd>PAO FRANCES SEDA DOCE  FORMA KG FB KG</xProd><NCM>19059010</NCM><CEST>0000000</CEST><cBenef/><CFOP>5405</CFOP><uCom>KG0001</uCom><qCom>0.9500</qCom><vUnCom>11.978947</vUnCom><vProd>11.38</vProd><cEANTrib>SEM GTIN</cEANTrib><uTrib>KG0001</uTrib><qTrib>0.9500</qTrib><vUnTrib>11.978947</vUnTrib><indTot>1</indTot></prod><imposto><ICMS><ICMS60><orig>0</orig><CST>60</CST><vBCSTRet>0.00</vBCSTRet><pST>0.00</pST><vICMSSTRet>0.00</vICMSSTRet></ICMS60></ICMS><PIS><PISAliq><CST>01</CST><vBC>11.38</vBC><pPIS>1.65</pPIS><vPIS>0.19</vPIS></PISAliq></PIS><COFINS><COFINSAliq><CST>01</CST><vBC>11.38</vBC><pCOFINS>7.60</pCOFINS><vCOFINS>0.86</vCOFINS></COFINSAliq></COFINS></imposto></det><det nItem="23"><prod><cProd>1247</cProd><cEAN>7891107101621</cEAN><xProd>OLEO DE SOJA SOYA PET 20X900ML</xProd><NCM>15079011</NCM><CEST>0000000</CEST><cBenef/><CFOP>5102</CFOP><uCom>UN0001</uCom><qCom>4.0000</qCom><vUnCom>8.490000</vUnCom><vProd>33.96</vProd><cEANTrib>7891107101621</cEANTrib><uTrib>UN0001</uTrib><qTrib>4.0000</qTrib><vUnTrib>8.490000</vUnTrib><indTot>1</indTot></prod><imposto><ICMS><ICMS00><orig>0</orig><CST>00</CST><modBC>3</modBC><vBC>33.96</vBC><pICMS>20.50</pICMS><vICMS>6.96</vICMS></ICMS00></ICMS><PIS><PISNT><CST>06</CST></PISNT></PIS><COFINS><COFINSNT><CST>06</CST></COFINSNT></COFINS></imposto></det><det nItem="24"><prod><cProd>1527</cProd><cEAN>703387018940</cEAN><xProd>SAL CAMPEAO (FD30UN) 1X1KG</xProd><NCM>25010020</NCM><CEST>0000000</CEST><cBenef/><CFOP>5405</CFOP><uCom>UN0001</uCom><qCom>30.0000</qCom><vUnCom>0.730000</vUnCom><vProd>21.90</vProd><cEANTrib>703387018940</cEANTrib><uTrib>UN0001</uTrib><qTrib>30.0000</qTrib><vUnTrib>0.730000</vUnTrib><indTot>1</indTot></prod><imposto><ICMS><ICMS60><orig>0</orig><CST>60</CST><vBCSTRet>0.00</vBCSTRet><pST>0.00</pST><vICMSSTRet>0.00</vICMSSTRet></ICMS60></ICMS><PIS><PISAliq><CST>01</CST><vBC>21.90</vBC><pPIS>1.65</pPIS><vPIS>0.36</vPIS></PISAliq></PIS><COFINS><COFINSAliq><CST>01</CST><vBC>21.90</vBC><pCOFINS>7.60</pCOFINS><vCOFINS>1.66</vCOFINS></COFINSAliq></COFINS></imposto></det><det nItem="25"><prod><cProd>10255</cProd><cEAN>SEM GTIN</cEAN><xProd>MILHO EM GRAO 25 KG (MEIO SACO)</xProd><NCM>10059010</NCM><CEST>0000000</CEST><cBenef/><CFOP>5102</CFOP><uCom>UN0001</uCom><qCom>1.0000</qCom><vUnCom>40.000000</vUnCom><vProd>40.00</vProd><cEANTrib>SEM GTIN</cEANTrib><uTrib>UN0001</uTrib><qTrib>1.0000</qTrib><vUnTrib>40.000000</vUnTrib><indTot>1</indTot></prod><imposto><ICMS><ICMS00><orig>0</orig><CST>00</CST><modBC>3</modBC><vBC>40.00</vBC><pICMS>20.50</pICMS><vICMS>8.20</vICMS></ICMS00></ICMS><PIS><PISAliq><CST>01</CST><vBC>31.80</vBC><pPIS>1.65</pPIS><vPIS>0.52</vPIS></PISAliq></PIS><COFINS><COFINSAliq><CST>01</CST><vBC>31.80</vBC><pCOFINS>7.60</pCOFINS><vCOFINS>2.42</vCOFINS></COFINSAliq></COFINS></imposto></det><det nItem="26"><prod><cProd>1131</cProd><cEAN>7890000011310</cEAN><xProd>FARELO DE TRIGO FB 30 KG</xProd><NCM>23023010</NCM><CEST>0000000</CEST><cBenef/><CFOP>5102</CFOP><uCom>UN0001</uCom><qCom>1.0000</qCom><vUnCom>54.000000</vUnCom><vProd>54.00</vProd><cEANTrib>7890000011310</cEANTrib><uTrib>UN0001</uTrib><qTrib>1.0000</qTrib><vUnTrib>54.000000</vUnTrib><indTot>1</indTot></prod><imposto><ICMS><ICMS40><orig>0</orig><CST>40</CST></ICMS40></ICMS><PIS><PISAliq><CST>01</CST><vBC>54.00</vBC><pPIS>1.65</pPIS><vPIS>0.89</vPIS></PISAliq></PIS><COFINS><COFINSAliq><CST>01</CST><vBC>54.00</vBC><pCOFINS>7.60</pCOFINS><vCOFINS>4.10</vCOFINS></COFINSAliq></COFINS></imposto></det><det nItem="27"><prod><cProd>27312</cProd><cEAN>7898969564175</cEAN><xProd>PAPEL HIG VELUD FD NEUTRO 30M 16X4</xProd><NCM>48181000</NCM><CEST>2004200</CEST><cBenef/><CFOP>5102</CFOP><uCom>UN0001</uCom><qCom>1.0000</qCom><vUnCom>7.100000</vUnCom><vProd>7.10</vProd><cEANTrib>7898969564175</cEANTrib><uTrib>UN0001</uTrib><qTrib>1.0000</qTrib><vUnTrib>7.100000</vUnTrib><indTot>1</indTot></prod><imposto><ICMS><ICMS00><orig>0</orig><CST>00</CST><modBC>3</modBC><vBC>7.10</vBC><pICMS>20.50</pICMS><vICMS>1.46</vICMS></ICMS00></ICMS><PIS><PISNT><CST>06</CST></PISNT></PIS><COFINS><COFINSNT><CST>06</CST></COFINSNT></COFINS></imposto></det><det nItem="28"><prod><cProd>6946</cProd><cEAN>SEM GTIN</cEAN><xProd>FRANGO ABATIDO KG IN NATURA</xProd><NCM>02071100</NCM><CEST>0000000</CEST><cBenef/><CFOP>5102</CFOP><uCom>KG0001</uCom><qCom>2.2500</qCom><vUnCom>16.488889</vUnCom><vProd>37.10</vProd><cEANTrib>SEM GTIN</cEANTrib><uTrib>KG0001</uTrib><qTrib>2.2500</qTrib><vUnTrib>16.488889</vUnTrib><indTot>1</indTot></prod><imposto><ICMS><ICMS40><orig>0</orig><CST>40</CST></ICMS40></ICMS><PIS><PISNT><CST>06</CST></PISNT></PIS><COFINS><COFINSNT><CST>06</CST></COFINSNT></COFINS></imposto></det><det nItem="29"><prod><cProd>443</cProd><cEAN>SEM GTIN</cEAN><xProd>COXINHA DA ASA RESF GRANEL KG</xProd><NCM>02071300</NCM><CEST>0000000</CEST><cBenef/><CFOP>5102</CFOP><uCom>KG0001</uCom><qCom>2.0150</qCom><vUnCom>18.987593</vUnCom><vProd>38.26</vProd><cEANTrib>SEM GTIN</cEANTrib><uTrib>KG0001</uTrib><qTrib>2.0150</qTrib><vUnTrib>18.987593</vUnTrib><indTot>1</indTot></prod><imposto><ICMS><ICMS00><orig>0</orig><CST>00</CST><modBC>3</modBC><vBC>38.26</vBC><pICMS>20.50</pICMS><vICMS>7.84</vICMS></ICMS00></ICMS><PIS><PISNT><CST>06</CST></PISNT></PIS><COFINS><COFINSNT><CST>06</CST></COFINSNT></COFINS></imposto></det><det nItem="30"><prod><cProd>325</cProd><cEAN>SEM GTIN</cEAN><xProd>MASSA DE MANDIOCA KG</xProd><NCM>11081400</NCM><CEST>0000000</CEST><cBenef/><CFOP>5102</CFOP><uCom>UN0001</uCom><qCom>2.0000</qCom><vUnCom>7.490000</vUnCom><vProd>14.98</vProd><cEANTrib>SEM GTIN</cEANTrib><uTrib>UN0001</uTrib><qTrib>2.0000</qTrib><vUnTrib>7.490000</vUnTrib><indTot>1</indTot></prod><imposto><ICMS><ICMS40><orig>0</orig><CST>40</CST></ICMS40></ICMS><PIS><PISNT><CST>06</CST></PISNT></PIS><COFINS><COFINSNT><CST>06</CST></COFINSNT></COFINS></imposto></det><det nItem="31"><prod><cProd>1096</cProd><cEAN>7898029650015</cEAN><xProd>DOCE GOIABADA POPULAR 20X500G</xProd><NCM>20079990</NCM><CEST>0000000</CEST><cBenef/><CFOP>5102</CFOP><uCom>UN0001</uCom><qCom>1.0000</qCom><vUnCom>5.250000</vUnCom><vProd>5.25</vProd><cEANTrib>7898029650015</cEANTrib><uTrib>UN0001</uTrib><qTrib>1.0000</qTrib><vUnTrib>5.250000</vUnTrib><indTot>1</indTot></prod><imposto><ICMS><ICMS00><orig>0</orig><CST>00</CST><modBC>3</modBC><vBC>5.25</vBC><pICMS>20.50</pICMS><vICMS>1.08</vICMS></ICMS00></ICMS><PIS><PISAliq><CST>01</CST><vBC>4.17</vBC><pPIS>1.65</pPIS><vPIS>0.07</vPIS></PISAliq></PIS><COFINS><COFINSAliq><CST>01</CST><vBC>4.17</vBC><pCOFINS>7.60</pCOFINS><vCOFINS>0.32</vCOFINS></COFINSAliq></COFINS></imposto></det><det nItem="32"><prod><cProd>7337</cProd><cEAN>7893000980006</cEAN><xProd>MARG DELINE 60% LIPIDIOS 12X500G</xProd><NCM>15171000</NCM><CEST>0000000</CEST><cBenef/><CFOP>5102</CFOP><uCom>UN0001</uCom><qCom>1.0000</qCom><vUnCom>5.990000</vUnCom><vProd>5.99</vProd><cEANTrib>7893000980006</cEANTrib><uTrib>UN0001</uTrib><qTrib>1.0000</qTrib><vUnTrib>5.990000</vUnTrib><indTot>1</indTot></prod><imposto><ICMS><ICMS00><orig>0</orig><CST>00</CST><modBC>3</modBC><vBC>5.99</vBC><pICMS>20.50</pICMS><vICMS>1.23</vICMS></ICMS00></ICMS><PIS><PISNT><CST>06</CST></PISNT></PIS><COFINS><COFINSNT><CST>06</CST></COFINSNT></COFINS></imposto></det><det nItem="33"><prod><cProd>991</cProd><cEAN>SEM GTIN</cEAN><xProd>BATATA INGLESA KG NATURAL</xProd><NCM>07011000</NCM><CEST>0000000</CEST><cBenef/><CFOP>5102</CFOP><uCom>KG0001</uCom><qCom>1.7550</qCom><vUnCom>4.888889</vUnCom><vProd>8.58</vProd><cEANTrib>SEM GTIN</cEANTrib><uTrib>KG0001</uTrib><qTrib>1.7550</qTrib><vUnTrib>4.888889</vUnTrib><indTot>1</indTot></prod><imposto><ICMS><ICMS40><orig>0</orig><CST>40</CST></ICMS40></ICMS><PIS><PISNT><CST>06</CST></PISNT></PIS><COFINS><COFINSNT><CST>06</CST></COFINSNT></COFINS></imposto></det><det nItem="34"><prod><cProd>14347</cProd><cEAN>7898657832173</cEAN><xProd>BISC CAPRISHOW CREAM CRACKER 20X301,5G</xProd><NCM>19053100</NCM><CEST>1705300</CEST><cBenef/><CFOP>5405</CFOP><uCom>UN0001</uCom><qCom>2.0000</qCom><vUnCom>3.150000</vUnCom><vProd>6.30</vProd><cEANTrib>7898657832173</cEANTrib><uTrib>UN0001</uTrib><qTrib>2.0000</qTrib><vUnTrib>3.150000</vUnTrib><indTot>1</indTot></prod><imposto><ICMS><ICMS60><orig>0</orig><CST>60</CST><vBCSTRet>0.00</vBCSTRet><pST>0.00</pST><vICMSSTRet>0.00</vICMSSTRet></ICMS60></ICMS><PIS><PISAliq><CST>01</CST><vBC>6.30</vBC><pPIS>1.65</pPIS><vPIS>0.10</vPIS></PISAliq></PIS><COFINS><COFINSAliq><CST>01</CST><vBC>6.30</vBC><pCOFINS>7.60</pCOFINS><vCOFINS>0.48</vCOFINS></COFINSAliq></COFINS></imposto></det><det nItem="35"><prod><cProd>14347</cProd><cEAN>7898657832173</cEAN><xProd>BISC CAPRISHOW CREAM CRACKER 20X301,5G</xProd><NCM>19053100</NCM><CEST>1705300</CEST><cBenef/><CFOP>5405</CFOP><uCom>UN0001</uCom><qCom>1.0000</qCom><vUnCom>3.150000</vUnCom><vProd>3.15</vProd><cEANTrib>7898657832173</cEANTrib><uTrib>UN0001</uTrib><qTrib>1.0000</qTrib><vUnTrib>3.150000</vUnTrib><indTot>1</indTot></prod><imposto><ICMS><ICMS60><orig>0</orig><CST>60</CST><vBCSTRet>0.00</vBCSTRet><pST>0.00</pST><vICMSSTRet>0.00</vICMSSTRet></ICMS60></ICMS><PIS><PISAliq><CST>01</CST><vBC>3.15</vBC><pPIS>1.65</pPIS><vPIS>0.05</vPIS></PISAliq></PIS><COFINS><COFINSAliq><CST>01</CST><vBC>3.15</vBC><pCOFINS>7.60</pCOFINS><vCOFINS>0.24</vCOFINS></COFINSAliq></COFINS></imposto></det><det nItem="36"><prod><cProd>488</cProd><cEAN>7896213006396</cEAN><xProd>BISC VITARELLA MAIZENA TRADICIONAL 24X350G</xProd><NCM>19053100</NCM><CEST>1705300</CEST><cBenef/><CFOP>5405</CFOP><uCom>UN0001</uCom><qCom>1.0000</qCom><vUnCom>5.090000</vUnCom><vProd>5.09</vProd><cEANTrib>7896213006396</cEANTrib><uTrib>UN0001</uTrib><qTrib>1.0000</qTrib><vUnTrib>5.090000</vUnTrib><indTot>1</indTot></prod><imposto><ICMS><ICMS60><orig>0</orig><CST>60</CST><vBCSTRet>0.00</vBCSTRet><pST>0.00</pST><vICMSSTRet>0.00</vICMSSTRet></ICMS60></ICMS><PIS><PISAliq><CST>01</CST><vBC>5.09</vBC><pPIS>1.65</pPIS><vPIS>0.08</vPIS></PISAliq></PIS><COFINS><COFINSAliq><CST>01</CST><vBC>5.09</vBC><pCOFINS>7.60</pCOFINS><vCOFINS>0.39</vCOFINS></COFINSAliq></COFINS></imposto></det><det nItem="37"><prod><cProd>299</cProd><cEAN>7898657831558</cEAN><xProd>BISC RECH CAPRIC FUTURINHOS BEM C 30X113G</xProd><NCM>19053100</NCM><CEST>1705300</CEST><cBenef/><CFOP>5405</CFOP><uCom>UN0001</uCom><qCom>2.0000</qCom><vUnCom>1.950000</vUnCom><vProd>3.90</vProd><cEANTrib>7898657831558</cEANTrib><uTrib>UN0001</uTrib><qTrib>2.0000</qTrib><vUnTrib>1.950000</vUnTrib><indTot>1</indTot></prod><imposto><ICMS><ICMS60><orig>0</orig><CST>60</CST><vBCSTRet>0.00</vBCSTRet><pST>0.00</pST><vICMSSTRet>0.00</vICMSSTRet></ICMS60></ICMS><PIS><PISAliq><CST>01</CST><vBC>3.90</vBC><pPIS>1.65</pPIS><vPIS>0.06</vPIS></PISAliq></PIS><COFINS><COFINSAliq><CST>01</CST><vBC>3.90</vBC><pCOFINS>7.60</pCOFINS><vCOFINS>0.30</vCOFINS></COFINSAliq></COFINS></imposto></det><det nItem="38"><prod><cProd>299</cProd><cEAN>7898657831558</cEAN><xProd>BISC RECH CAPRIC FUTURINHOS BEM C 30X113G</xProd><NCM>19053100</NCM><CEST>1705300</CEST><cBenef/><CFOP>5405</CFOP><uCom>UN0001</uCom><qCom>1.0000</qCom><vUnCom>1.950000</vUnCom><vProd>1.95</vProd><cEANTrib>7898657831558</cEANTrib><uTrib>UN0001</uTrib><qTrib>1.0000</qTrib><vUnTrib>1.950000</vUnTrib><indTot>1</indTot></prod><imposto><ICMS><ICMS60><orig>0</orig><CST>60</CST><vBCSTRet>0.00</vBCSTRet><pST>0.00</pST><vICMSSTRet>0.00</vICMSSTRet></ICMS60></ICMS><PIS><PISAliq><CST>01</CST><vBC>1.95</vBC><pPIS>1.65</pPIS><vPIS>0.03</vPIS></PISAliq></PIS><COFINS><COFINSAliq><CST>01</CST><vBC>1.95</vBC><pCOFINS>7.60</pCOFINS><vCOFINS>0.15</vCOFINS></COFINSAliq></COFINS></imposto></det><det nItem="39"><prod><cProd>41</cProd><cEAN>7898657831527</cEAN><xProd>BISC RECH CAPRIC FUTURINHOS MORG30X113G</xProd><NCM>19053100</NCM><CEST>1705300</CEST><cBenef/><CFOP>5405</CFOP><uCom>UN0001</uCom><qCom>2.0000</qCom><vUnCom>1.950000</vUnCom><vProd>3.90</vProd><cEANTrib>7898657831527</cEANTrib><uTrib>UN0001</uTrib><qTrib>2.0000</qTrib><vUnTrib>1.950000</vUnTrib><indTot>1</indTot></prod><imposto><ICMS><ICMS60><orig>0</orig><CST>60</CST><vBCSTRet>0.00</vBCSTRet><pST>0.00</pST><vICMSSTRet>0.00</vICMSSTRet></ICMS60></ICMS><PIS><PISAliq><CST>01</CST><vBC>3.90</vBC><pPIS>1.65</pPIS><vPIS>0.06</vPIS></PISAliq></PIS><COFINS><COFINSAliq><CST>01</CST><vBC>3.90</vBC><pCOFINS>7.60</pCOFINS><vCOFINS>0.30</vCOFINS></COFINSAliq></COFINS></imposto></det><det nItem="40"><prod><cProd>22707</cProd><cEAN>7509546687926</cEAN><xProd>CREM DENT COLGATE M P ANTICARIES 12X120G</xProd><NCM>33061000</NCM><CEST>2002300</CEST><cBenef/><CFOP>5102</CFOP><uCom>UN0001</uCom><qCom>1.0000</qCom><vUnCom>6.590000</vUnCom><vProd>6.59</vProd><cEANTrib>7509546687926</cEANTrib><uTrib>UN0001</uTrib><qTrib>1.0000</qTrib><vUnTrib>6.590000</vUnTrib><indTot>1</indTot></prod><imposto><ICMS><ICMS00><orig>0</orig><CST>00</CST><modBC>3</modBC><vBC>6.59</vBC><pICMS>20.50</pICMS><vICMS>1.35</vICMS></ICMS00></ICMS><PIS><PISNT><CST>06</CST></PISNT></PIS><COFINS><COFINSNT><CST>06</CST></COFINSNT></COFINS></imposto></det><det nItem="41"><prod><cProd>559</cProd><cEAN>7896005030530</cEAN><xProd>MAC PILAR FINO ESPAGUETE 28X400G</xProd><NCM>19021900</NCM><CEST>1704900</CEST><cBenef/><CFOP>5405</CFOP><uCom>UN0001</uCom><qCom>4.0000</qCom><vUnCom>2.690000</vUnCom><vProd>10.76</vProd><cEANTrib>7896005030530</cEANTrib><uTrib>UN0001</uTrib><qTrib>4.0000</qTrib><vUnTrib>2.690000</vUnTrib><indTot>1</indTot></prod><imposto><ICMS><ICMS60><orig>0</orig><CST>60</CST><vBCSTRet>0.00</vBCSTRet><pST>0.00</pST><vICMSSTRet>0.00</vICMSSTRet></ICMS60></ICMS><PIS><PISNT><CST>06</CST></PISNT></PIS><COFINS><COFINSNT><CST>06</CST></COFINSNT></COFINS></imposto></det><det nItem="42"><prod><cProd>16387</cProd><cEAN>7898403780918</cEAN><xProd>LEITE EM PO BETANIA INT 50X200G</xProd><NCM>04021010</NCM><CEST>0000000</CEST><cBenef/><CFOP>5405</CFOP><uCom>UN0001</uCom><qCom>2.0000</qCom><vUnCom>7.290000</vUnCom><vProd>14.58</vProd><cEANTrib>7898403780918</cEANTrib><uTrib>UN0001</uTrib><qTrib>2.0000</qTrib><vUnTrib>7.290000</vUnTrib><indTot>1</indTot></prod><imposto><ICMS><ICMS60><orig>0</orig><CST>60</CST><vBCSTRet>0.00</vBCSTRet><pST>0.00</pST><vICMSSTRet>0.00</vICMSSTRet></ICMS60></ICMS><PIS><PISNT><CST>06</CST></PISNT></PIS><COFINS><COFINSNT><CST>06</CST></COFINSNT></COFINS></imposto></det><det nItem="43"><prod><cProd>10937</cProd><cEAN>7898118391447</cEAN><xProd>IOGURTE BOM LEITE GRAVIOLA 900G SACHE</xProd><NCM>04032000</NCM><CEST>0000000</CEST><cBenef/><CFOP>5102</CFOP><uCom>UN0001</uCom><qCom>1.0000</qCom><vUnCom>7.050000</vUnCom><vProd>7.05</vProd><cEANTrib>7898118391447</cEANTrib><uTrib>UN0001</uTrib><qTrib>1.0000</qTrib><vUnTrib>7.050000</vUnTrib><indTot>1</indTot></prod><imposto><ICMS><ICMS00><orig>0</orig><CST>00</CST><modBC>3</modBC><vBC>7.05</vBC><pICMS>20.50</pICMS><vICMS>1.45</vICMS></ICMS00></ICMS><PIS><PISNT><CST>06</CST></PISNT></PIS><COFINS><COFINSNT><CST>06</CST></COFINSNT></COFINS></imposto></det><det nItem="44"><prod><cProd>29984</cProd><cEAN>7896013108436</cEAN><xProd>LAVA-ROUPAS EM PO SONHO MULTI ACAO 26X400G</xProd><NCM>34025000</NCM><CEST>0000000</CEST><cBenef/><CFOP>5102</CFOP><uCom>UN0001</uCom><qCom>2.0000</qCom><vUnCom>3.190000</vUnCom><vProd>6.38</vProd><cEANTrib>7896013108436</cEANTrib><uTrib>UN0001</uTrib><qTrib>2.0000</qTrib><vUnTrib>3.190000</vUnTrib><indTot>1</indTot></prod><imposto><ICMS><ICMS00><orig>0</orig><CST>00</CST><modBC>3</modBC><vBC>6.38</vBC><pICMS>20.50</pICMS><vICMS>1.31</vICMS></ICMS00></ICMS><PIS><PISAliq><CST>01</CST><vBC>5.07</vBC><pPIS>1.65</pPIS><vPIS>0.08</vPIS></PISAliq></PIS><COFINS><COFINSAliq><CST>01</CST><vBC>5.07</vBC><pCOFINS>7.60</pCOFINS><vCOFINS>0.39</vCOFINS></COFINSAliq></COFINS></imposto></det><det nItem="45"><prod><cProd>16713</cProd><cEAN>7896004006604</cEAN><xProd>CEREAL PARATI SUCRILHOS KELLOG ORIG 1X280</xProd><NCM>19041000</NCM><CEST>0000000</CEST><cBenef/><CFOP>5102</CFOP><uCom>UN0001</uCom><qCom>2.0000</qCom><vUnCom>9.250000</vUnCom><vProd>18.50</vProd><cEANTrib>7896004006604</cEANTrib><uTrib>UN0001</uTrib><qTrib>2.0000</qTrib><vUnTrib>9.250000</vUnTrib><indTot>1</indTot></prod><imposto><ICMS><ICMS00><orig>0</orig><CST>00</CST><modBC>3</modBC><vBC>18.50</vBC><pICMS>20.50</pICMS><vICMS>3.79</vICMS></ICMS00></ICMS><PIS><PISAliq><CST>01</CST><vBC>14.71</vBC><pPIS>1.65</pPIS><vPIS>0.24</vPIS></PISAliq></PIS><COFINS><COFINSAliq><CST>01</CST><vBC>14.71</vBC><pCOFINS>7.60</pCOFINS><vCOFINS>1.12</vCOFINS></COFINSAliq></COFINS></imposto></det><det nItem="46"><prod><cProd>6879</cProd><cEAN>SEM GTIN</cEAN><xProd>BANANA COMUM DZ</xProd><NCM>08039000</NCM><CEST>0000000</CEST><cBenef/><CFOP>5102</CFOP><uCom>KG0001</uCom><qCom>2.0000</qCom><vUnCom>5.090000</vUnCom><vProd>10.18</vProd><cEANTrib>SEM GTIN</cEANTrib><uTrib>KG0001</uTrib><qTrib>2.0000</qTrib><vUnTrib>5.090000</vUnTrib><indTot>1</indTot></prod><imposto><ICMS><ICMS40><orig>0</orig><CST>40</CST></ICMS40></ICMS><PIS><PISNT><CST>06</CST></PISNT></PIS><COFINS><COFINSNT><CST>06</CST></COFINSNT></COFINS></imposto></det><det nItem="47"><prod><cProd>27610</cProd><cEAN>7891150096738</cEAN><xProd>MASC TRAT DOVE 2/1 VIT. AE HIDR 500G</xProd><NCM>33059000</NCM><CEST>2801400</CEST><cBenef/><CFOP>5102</CFOP><uCom>UN0001</uCom><qCom>1.0000</qCom><vUnCom>29.990000</vUnCom><vProd>29.99</vProd><cEANTrib>7891150096738</cEANTrib><uTrib>UN0001</uTrib><qTrib>1.0000</qTrib><vUnTrib>29.990000</vUnTrib><indTot>1</indTot></prod><imposto><ICMS><ICMS00><orig>0</orig><CST>00</CST><modBC>3</modBC><vBC>29.99</vBC><pICMS>25.00</pICMS><vICMS>7.50</vICMS></ICMS00></ICMS><PIS><PISNT><CST>04</CST></PISNT></PIS><COFINS><COFINSNT><CST>04</CST></COFINSNT></COFINS></imposto></det><total><ICMSTot><vBC>456.83</vBC><vICMS>95.46</vICMS><vICMSDeson>0.00</vICMSDeson><vFCP>0.00</vFCP><vBCST>0.00</vBCST><vST>0.00</vST><vFCPST>0.00</vFCPST><vFCPSTRet>0.00</vFCPSTRet><vProd>778.83</vProd><vFrete>0.00</vFrete><vSeg>0.00</vSeg><vDesc>0.00</vDesc><vII>0.00</vII><vIPI>0.00</vIPI><vIPIDevol>0.00</vIPIDevol><vPIS>4.85</vPIS><vCOFINS>22.52</vCOFINS><vOutro>0.00</vOutro><vNF>778.83</vNF></ICMSTot></total><transp><modFrete>9</modFrete></transp><pag><detPag><indPag>1</indPag><tPag>05</tPag><vPag>778.83</vPag></detPag><vTroco>0.00</vTroco></pag><infAdic/><infRespTec><CNPJ>08076873000190</CNPJ><xContato>Gustavo Coleta Alves</xContato><email>gustavo.coleta@vrsoft.com.br</email><fone>01934427600</fone></infRespTec></infNFe><infNFeSupl><qrCode><![CDATA[http://nfce.sefaz.pe.gov.br/nfce-web/consultarNFCe?p=26250724922229000141651010000612471101655042|2|1|1|ECFF0BED9ACAD09E9CA9106BC74F9F6A9B0B6B94]]></qrCode><urlChave>nfce.sefaz.pe.gov.br/nfce/consulta</urlChave></infNFeSupl><Signature xmlns="http://www.w3.org/2000/09/xmldsig#"><SignedInfo><CanonicalizationMethod Algorithm="http://www.w3.org/TR/2001/REC-xml-c14n-20010315"/><SignatureMethod Algorithm="http://www.w3.org/2000/09/xmldsig#rsa-sha1"/><Reference URI="#NFe26250724922229000141651010000612471101655042"><Transforms><Transform Algorithm="http://www.w3.org/2000/09/xmldsig#enveloped-signature"/><Transform Algorithm="http://www.w3.org/TR/2001/REC-xml-c14n-20010315"/></Transforms><DigestMethod Algorithm="http://www.w3.org/2000/09/xmldsig#sha1"/><DigestValue>ScyWP8Jp/RsApBAEe4J7KGJ95yI=</DigestValue></Reference></SignedInfo><SignatureValue>mz7iO44HccDm2Dr1lECXjxDHea2190ZSQuN+Z4OoEwBC0XbPD+CxqCuJ5lX9Gl7//8Z2yr0GB+bw&#13;
hqZTgpcrq26A4ciEZtfm+2vAzSL+KHFdjytz6KsqoxNraoJqYYVVtfvDeNphiAVLl05iUYlMM9I6&#13;
7Cz51QkvKG82y/UcUn4agKvjvHghLu5673LeGPS+01Q81azK1dgQlybJFQus8uFYqQhN4/W2/dtL&#13;
aWxeEMjpBwm7ubCBbQtKKLBAYakaUAcWwwPygtOtAwLodNpPG6esNgm2ml8M7/vzTMNd8HGNXwVg&#13;
KxX6dFjOLZ6f/RBLQVG/Wyf15FzZ8tMA8sOM0Q==</SignatureValue><KeyInfo><X509Data><X509Certificate>MIIH2zCCBcOgAwIBAgIIRDV7Rs1lNl0wDQYJKoZIhvcNAQELBQAwdjELMAkGA1UEBhMCQlIxEzAR&#13;
BgNVBAoTCklDUC1CcmFzaWwxNjA0BgNVBAsTLVNlY3JldGFyaWEgZGEgUmVjZWl0YSBGZWRlcmFs&#13;
IGRvIEJyYXNpbCAtIFJGQjEaMBgGA1UEAxMRQUMgU0FGRVdFQiBSRkIgdjUwHhcNMjQxMDI0MTEz&#13;
NjMxWhcNMjUxMDI0MTEzNjMxWjCB7zELMAkGA1UEBhMCQlIxEzARBgNVBAoTCklDUC1CcmFzaWwx&#13;
CzAJBgNVBAgTAlBFMQ8wDQYDVQQHEwZDQUVURVMxNjA0BgNVBAsTLVNlY3JldGFyaWEgZGEgUmVj&#13;
ZWl0YSBGZWRlcmFsIGRvIEJyYXNpbCAtIFJGQjEWMBQGA1UECxMNUkZCIGUtQ05QSiBBMTEXMBUG&#13;
A1UECxMOMjIxMjEwNjYwMDAxNzIxGTAXBgNVBAsTEHZpZGVvY29uZmVyZW5jaWExKTAnBgNVBAMT&#13;
IEFUQUNBUkVKTyBGQiBMVERBOjI0OTIyMjI5MDAwMTQxMIIBIjANBgkqhkiG9w0BAQEFAAOCAQ8A&#13;
MIIBCgKCAQEAztmtVYlHuNvJfZvfu0eWM6kBWr7Vfp58d9f8ykdvC/wS20kS+zAuNSQywXGMCJvp&#13;
pVx9RdvAV4pKkGzCArHvLNT+la+jDnGZTe2q/f8Cfxmvol4pjCYLqGCtvJb7vcp7r8OwuqVRvD0H&#13;
Bp9LH4scjdEgUFdG+ZwJgSCERy4s4X6j9o671w0DCFP1siN7cn/nigkhcUSKrEQCt9lbgBjbfwxt&#13;
e19nbn1M2UvGsbER+YmVJyHnhR2IO6Qc9LLl3Vs75GDnbcvNRu1peD9I82Mjjfq/EF+Ei5V3y5Zt&#13;
4hLKa0DhQhxlN40AB74XgVT8WUYma3dXGgYIEj195e+AsusqAQIDAQABo4IC8TCCAu0wHwYDVR0j&#13;
BBgwFoAUKV5L1UZMu/4Wp2PBHcQm8t3Y8wUwDgYDVR0PAQH/BAQDAgXgMGkGA1UdIARiMGAwXgYG&#13;
YEwBAgEzMFQwUgYIKwYBBQUHAgEWRmh0dHA6Ly9yZXBvc2l0b3Jpby5hY3NhZmV3ZWIuY29tLmJy&#13;
L2FjLXNhZmV3ZWJyZmIvZHBjLWFjc2FmZXdlYnJmYi5wZGYwga4GA1UdHwSBpjCBozBPoE2gS4ZJ&#13;
aHR0cDovL3JlcG9zaXRvcmlvLmFjc2FmZXdlYi5jb20uYnIvYWMtc2FmZXdlYnJmYi9sY3ItYWMt&#13;
c2FmZXdlYnJmYnY1LmNybDBQoE6gTIZKaHR0cDovL3JlcG9zaXRvcmlvMi5hY3NhZmV3ZWIuY29t&#13;
LmJyL2FjLXNhZmV3ZWJyZmIvbGNyLWFjLXNhZmV3ZWJyZmJ2NS5jcmwwgbcGCCsGAQUFBwEBBIGq&#13;
MIGnMFEGCCsGAQUFBzAChkVodHRwOi8vcmVwb3NpdG9yaW8uYWNzYWZld2ViLmNvbS5ici9hYy1z&#13;
YWZld2VicmZiL2FjLXNhZmV3ZWJyZmJ2NS5wN2IwUgYIKwYBBQUHMAKGRmh0dHA6Ly9yZXBvc2l0&#13;
b3JpbzIuYWNzYWZld2ViLmNvbS5ici9hYy1zYWZld2VicmZiL2FjLXNhZmV3ZWJyZmJ2NS5wN2Iw&#13;
gbkGA1UdEQSBsTCBroEXQVRBQ0FSRUpPRkJASE9UTUFJTC5DT02gJQYFYEwBAwKgHBMaUEFUUklD&#13;
SUEgRkVSUkVJUkEgQkVSTkFSRE+gGQYFYEwBAwOgEBMOMjQ5MjIyMjkwMDAxNDGgOAYFYEwBAwSg&#13;
LxMtMjExMjE5NzU4MzI3MjQ0NTQwNDAwMDAwMDAwMDAwMDAwMDAwMDAwMDAwMDAwoBcGBWBMAQMH&#13;
oA4TDDAwMDAwMDAwMDAwMDAdBgNVHSUEFjAUBggrBgEFBQcDAgYIKwYBBQUHAwQwCQYDVR0TBAIw&#13;
ADANBgkqhkiG9w0BAQsFAAOCAgEAHOEluMy+3ykJdJ0tJSWO/3j7JIQltlBuCAQ0c/L/pLoy1eac&#13;
obERHKOmNwuXgx20EQeduT3DNTHj6WEz9VqrixqTZyVoPJLyfgavHFsCyXuA/NX1OjXdz6bVk0sH&#13;
+4Vcn84eqJdweEIb0maOS7KPEF9GdVsQkZCBtJhqPabCqu1agzBhyB8KEka+WPTNF9IUjWb5PVCX&#13;
+JRCnHi/UTe6a68PsuSvtZF/LpgnufpWR9gLWLyJvuRgAWrpBuLB6SbLrrjH+RiX8fmnHzKzv2ty&#13;
Skwww1BR8fO59g+LmQNaxs0WJXVZXCAhTGbVjH0vGMz94sBRMdUzWiV6r35RjgxLwhqAfwWEnMIY&#13;
VmzQhnRfuGIqgPZUPvDz2/VYo7qyMdz2tGVAejntWFwtVyQ+dNlrxAP+kEulCSbZflpYYpV+vRtl&#13;
nnQSUgvz4iBJlHq2bidtQRlzRuSChSB3n1JRSatQcMTlK6GJVO4FetgiEImLKJjb6fTyj5YME255&#13;
YY2N0jbybwj4oWe/0mlIrV7ee2hUj4cjas4UE7DFluH0WHLKY9P1n2NFxZCwipe9ePeH/1Yx2BKs&#13;
X8x6e4Dl4oWVxIwW8vdKKzRwbDwpebsouFJ8DGcVGlg+eHfQEw9O/u16PEnVolnIBeE+SV3foLkC&#13;
Y/W1I0KRny5n79BCjeX/xMcaAj8=</X509Certificate></X509Data></KeyInfo></Signature></NFe><protNFe versao="4.00"><infProt Id="ID226250573730790"><tpAmb>1</tpAmb><verAplic>SVRSnfce2505091637DR</verAplic><chNFe>26250724922229000141651010000612471101655042</chNFe><dhRecbto>2025-07-01T09:10:17-03:00</dhRecbto><nProt>226250573730790</nProt><digVal>ScyWP8Jp/RsApBAEe4J7KGJ95yI=</digVal><cStat>100</cStat><xMotivo>Auorizado o uso da NF-e</xMotivo></infProt></protNFe></nfeProc>